Engineer,Joe_1,323-423-2001
Engineer,Joe_2,323-423-2002
Engineer,Joe_3,323-423-2003
Engineer,Joe_4,323-423-2004
Engineer,Joe_5,323-423-2005
Engineer,Joe_6,323-423-2006
Engineer,Joe_7,323-423-2007
Engineer,Joe_8,323-423-2008
Engineer,Joe_9,323-423-2009
Engineer,Joe_10,323-423-2010
Engineer,Joe_11,323-423-2011
Engineer,Joe_12,323-423-2012
Engineer,Joe_13,323-423-2013
Engineer,Joe_14,323-423-2014
Engineer,Sam_1,323-423-2015
Engineer,Sam_2,323-423-2016
Engineer,Sam_3,323-423-2017
Engineer,Sam_4,323-423-2018
Engineer,Sam_5,323-423-2019
Engineer,Sam_6,323-423-2020
Level 1 Employee,Sam_7,323-423-2021
Level 1 Employee,Sam_8,323-423-2022
Level 1 Employee,Sam_9,323-423-2023
Level 1 Employee,Sam_10,323-423-2024
Level 1 Employee,Sam_11,323-423-2025
Level 1 Employee,Sam_12,323-423-2026
Level 1 Employee,Sam_13,323-423-2027
Level 1 Employee,Sam_14,323-423-2028
Level 1 Employee,Sam_15,323-423-2029
Level 1 Employee,Sam_16,323-423-2030
Level 1 Employee,Sam_17,323-423-2031
Level 1 Employee,Sam_18,323-423-2032
Level 1 Employee,Sam_19,323-423-2033
Level 1 Employee,Sam_20,323-423-2034
Level 1 Employee,Sam_21,323-423-2035
Level 1 Employee,Sam_22,323-423-2036
Level 1 Employee,Jack_1,323-423-2037
Level 1 Employee,Jack_2,323-423-2038
Level 1 Employee,Jack_3,323-423-2039
Level 1 Employee,Jack_4,323-423-2040
Level 1 Employee,Jack_5,323-423-2041
Level 1 Employee,Jack_6,323-423-2042
Level 1 Employee,Jack_7,323-423-2043
Level 1 Employee,Jack_8,323-423-2044
Level 1 Employee,Jack_9,323-423-2045
Level 1 Employee,Jack_10,323-423-2046
Level 1 Employee,Jack_11,323-423-2047
Level 1 Employee,Jack_12,323-423-2048
Level 1 Employee,Jack_13,323-423-2049
Level 1 Employee,Jack_14,323-423-2050
Level 1 Employee,Jack_15,323-423-2051
Level 1 Employee,Jack_16,323-423-2052
Level 1 Employee,Jack_17,323-423-2053
Level 1 Employee,Jack_18,323-423-2054
Level 1 Employee,Jack_19,323-423-2055
Level 1 Employee,Jack_20,323-423-2056
Level 1 Employee,Smith_1,323-423-2057
Level 1 Employee,Smith_2,323-423-2058
Level 1 Employee,Smith_3,323-423-2059
Level 1 Employee,Smith_4,323-423-2060
Level 1 Employee,Smith_5,323-423-2061
Level 1 Employee,Smith_6,323-423-2062
Level 1 Employee,Smith_7,323-423-2063
Level 1 Employee,Smith_8,323-423-2064
Level 1 Employee,Smith_9,323-423-2065
Level 1 Employee,Smith_10,323-423-2066
Level 1 Employee,Smith_11,323-423-2067
Level 1 Employee,Smith_12,323-423-2068
Level 1 Employee,Smith_13,323-423-2069
Level 1 Employee,Smith_14,323-423-2070
Level 1 Employee,Smith_15,323-423-2071
Level 1 Employee,Smith_16,323-423-2072
Level 1 Employee,Smith_17,323-423-2073
Level 1 Employee,Smith_18,323-423-2074
Level 1 Employee,Smith_19,323-423-2075
Level 1 Employee,Smith_20,323-423-2076
Level 1 Employee,Smith_21,323-423-2077
Level 1 Employee,Smith_22,323-423-2078
Level 1 Employee,Smith_23,323-423-2079
Level 1 Employee,Smith_24,323-423-2080
Level 1 Employee,Smith_25,323-423-2081
Level 1 Employee,Jason_1,323-423-2082
Level 1 Employee,Jason_2,323-423-2083
Level 1 Employee,Jason_3,323-423-2084
Level 1 Employee,Jason_4,323-423-2085
Level 1 Employee,Jason_5,323-423-2086
Level 1 Employee,Jason_6,323-423-2087
Level 1 Employee,Jason_7,323-423-2088
Level 1 Employee,Jason_8,323-423-2089
Level 1 Employee,Jason_9,323-423-2090
Level 1 Employee,Jason_10,323-423-2091
Level 1 Employee,Jason_11,323-423-2092
Level 1 Employee,Jason_12,323-423-2093
Level 1 Employee,Jason_13,323-423-2094
Level 1 Employee,Jason_14,323-423-2095
Level 1 Employee,Jason_15,323-423-2096
Level 1 Employee,Jason_16,323-423-2097
Level 1 Employee,Jason_17,323-423-2098
Level 1 Employee,Jason_18,323-423-2099
Level 1 Employee,Jason_19,323-423-2100
Level 1 Employee,Jason_20,323-423-2101
Level 1 Employee,Jason_21,323-423-2102
Level 1 Employee,Jason_22,323-423-2103
Level 1 Employee,Jason_23,323-423-2104
Level 1 Employee,Jason_24,323-423-2105
Level 1 Employee,Jason_25,323-423-2106
Level 1 Employee,Jason_26,323-423-2107
Level 1 Employee,Jason_27,323-423-2108
Level 1 Employee,Tom_1,323-423-2109
Level 1 Employee,Tom_2,323-423-2110
Level 1 Employee,Tom_3,323-423-2111
Level 1 Employee,Tom_4,323-423-2112
Level 1 Employee,Tom_5,323-423-2113
Level 1 Employee,Tom_6,323-423-2114
Level 1 Employee,Tom_7,323-423-2115
Level 1 Employee,Tom_8,323-423-2116
Level 1 Employee,Tom_9,323-423-2117
Level 1 Employee,Tom_10,323-423-2118
Level 1 Employee,Tom_11,323-423-2119
Level 1 Employee,Tom_12,323-423-2120
Level 1 Employee,Tom_13,323-423-2121
Level 1 Employee,Tom_14,323-423-2122
Level 1 Employee,Tom_15,323-423-2123
Level 1 Employee,Tom_16,323-423-2124
Level 1 Employee,Tom_17,323-423-2125
Level 1 Employee,Tom_18,323-423-2126
Level 1 Employee,Tom_19,323-423-2127
Level 1 Employee,Tom_20,323-423-2128
Level 1 Employee,Tom_21,323-423-2129
Level 1 Employee,Tom_22,323-423-2130
Level 1 Employee,Amy_1,323-423-2131
Level 1 Employee,Amy_2,323-423-2132
Level 1 Employee,Amy_3,323-423-2133
Level 1 Employee,Amy_4,323-423-2134
Level 1 Employee,Amy_5,323-423-2135
Level 1 Employee,Amy_6,323-423-2136
Level 1 Employee,Amy_7,323-423-2137
Level 1 Employee,Amy_8,323-423-2138
Level 1 Employee,Amy_9,323-423-2139
Level 1 Employee,Amy_10,323-423-2140
Level 1 Employee,Amy_11,323-423-2141
Level 1 Employee,Amy_12,323-423-2142
Level 1 Employee,Amy_13,323-423-2143
Level 1 Employee,Amy_14,323-423-2144
Level 1 Employee,Amy_15,323-423-2145
Level 1 Employee,Amy_16,323-423-2146
Level 1 Employee,Amy_17,323-423-2147
Level 1 Employee,Amy_18,323-423-2148
Level 1 Employee,Amy_19,323-423-2149
Level 1 Employee,Amy_20,323-423-2150
Level 1 Employee,Amy_21,323-423-2151
Level 1 Employee,Amy_22,323-423-2152
Level 1 Employee,Amy_23,323-423-2153
Level 1 Employee,Amy_24,323-423-2154
Level 1 Employee,Amy_25,323-423-2155
Level 1 Employee,Amy_26,323-423-2156
Level 1 Employee,Amy_27,323-423-2157
Level 1 Employee,Amy_28,323-423-2158
Level 1 Employee,Amy_29,323-423-2159
Level 1 Employee,Amy_30,323-423-2160
Level 1 Employee,Amy_31,323-423-2161
Level 1 Employee,Amy_32,323-423-2162
Level 1 Employee,Amy_33,323-423-2163
Level 1 Employee,Amy_34,323-423-2164
Level 1 Employee,Amy_35,323-423-2165
Level 1 Employee,Amy_36,323-423-2166
Level 1 Employee,Amy_37,323-423-2167
Level 1 Employee,Amy_38,323-423-2168
Level 1 Employee,Amy_39,323-423-2169
Level 1 Employee,Amy_40,323-423-2170
Level 1 Employee,Amy_41,323-423-2171
Level 1 Employee,Amy_42,323-423-2172
Level 1 Employee,Amy_43,323-423-2173
Level 1 Employee,Amy_44,323-423-2174
Level 1 Employee,Amy_45,323-423-2175
Level 1 Employee,Amy_46,323-423-2176
Level 1 Employee,Amy_47,323-423-2177
Level 1 Employee,Amy_48,323-423-2178
Level 1 Employee,Amy_49,323-423-2179
Level 1 Employee,Amy_50,323-423-2180
Level 1 Employee,Amy_51,323-423-2181
Level 1 Employee,Amy_52,323-423-2182
Level 1 Employee,Amy_53,323-423-2183
Level 1 Employee,Amy_54,323-423-2184
Level 1 Employee,Amy_55,323-423-2185
Level 1 Employee,Amy_56,323-423-2186
Level 1 Employee,Amy_57,323-423-2187
Level 1 Employee,Amy_58,323-423-2188
Level 1 Employee,Amy_59,323-423-2189
Level 1 Employee,Amy_60,323-423-2190
Level 1 Employee,Amy_61,323-423-2191
Level 1 Employee,Amy_62,323-423-2192
Level 1 Employee,Amy_63,323-423-2193
Level 1 Employee,Amy_64,323-423-2194
Level 1 Employee,Amy_65,323-423-2195
Level 1 Employee,Amy_66,323-423-2196
Level 1 Employee,Amy_67,323-423-2197
Level 1 Employee,Amy_68,323-423-2198
Level 1 Employee,Amy_69,323-423-2199
Level 1 Employee,Amy_70,323-423-2200
Level 1 Employee,Amy_71,323-423-2201
Level 1 Employee,Amy_72,323-423-2202
Level 1 Employee,Amy_73,323-423-2203
Level 1 Employee,Amy_74,323-423-2204
Level 1 Employee,Amy_75,323-423-2205
Level 1 Employee,Amy_76,323-423-2206
Level 1 Employee,Amy_77,323-423-2207
Level 1 Employee,Amy_78,323-423-2208
Level 1 Employee,Amy_79,323-423-2209
Level 1 Employee,Amy_80,323-423-2210
Level 1 Employee,Amy_81,323-423-2211
Level 1 Employee,Amy_82,323-423-2212
Level 1 Employee,Amy_83,323-423-2213
Level 1 Employee,Amy_84,323-423-2214
Level 1 Employee,Dragon_1,323-423-2215
Level 1 Employee,Dragon_2,323-423-2216
Level 1 Employee,Dragon_3,323-423-2217
Level 1 Employee,Dragon_4,323-423-2218
Level 1 Employee,Dragon_5,323-423-2219
Level 1 Employee,Dragon_6,323-423-2220
Level 1 Employee,Dragon_7,323-423-2221
Level 1 Employee,Dragon_8,323-423-2222
Level 1 Employee,Dragon_9,323-423-2223
Level 1 Employee,Dragon_10,323-423-2224
Level 2 Employee,Dragon_11,323-423-2225
Level 2 Employee,Dragon_12,323-423-2226
Level 2 Employee,Dragon_13,323-423-2227
Level 2 Employee,Dragon_14,323-423-2228
Level 2 Employee,Dragon_15,323-423-2229
Level 2 Employee,Dragon_16,323-423-2230
Level 2 Employee,Dragon_17,323-423-2231
Level 2 Employee,Dragon_18,323-423-2232
Level 2 Employee,Dragon_19,323-423-2233
Level 2 Employee,Dragon_20,323-423-2234
Level 2 Employee,Dragon_21,323-423-2235
Level 2 Employee,Dragon_22,323-423-2236
Level 2 Employee,Dragon_23,323-423-2237
Level 2 Employee,Dragon_24,323-423-2238
Level 2 Employee,Dragon_25,323-423-2239
Level 2 Employee,Dragon_26,323-423-2240
Level 2 Employee,Dragon_27,323-423-2241
Level 2 Employee,Dragon_28,323-423-2242
Level 2 Employee,Dragon_29,323-423-2243
Level 2 Employee,Gary_1,323-423-2244
Level 2 Employee,Gary_2,323-423-2245
Level 2 Employee,Gary_3,323-423-2246
Level 2 Employee,Gary_4,323-423-2247
Level 2 Employee,Gary_5,323-423-2248
Level 2 Employee,Gary_6,323-423-2249
Level 2 Employee,Gary_7,323-423-2250
Level 2 Employee,Gary_8,323-423-2251
Level 2 Employee,Gary_9,323-423-2252
Level 2 Employee,Gary_10,323-423-2253
Level 2 Employee,Gary_11,323-423-2254
Level 2 Employee,Gary_12,323-423-2255
Level 2 Employee,Gary_13,323-423-2256
Level 2 Employee,Gary_14,323-423-2257
Level 2 Employee,Gary_15,323-423-2258
Level 2 Employee,Gary_16,323-423-2259
Level 2 Employee,Gary_17,323-423-2260
Level 2 Employee,Gary_18,323-423-2261
Level 2 Employee,Gary_19,323-423-2262
Level 2 Employee,Gary_20,323-423-2263
Level 2 Employee,Gary_21,323-423-2264
Level 2 Employee,Gary_22,323-423-2265
Level 2 Employee,Gary_23,323-423-2266
Level 2 Employee,Gary_24,323-423-2267
Level 2 Employee,Gary_25,323-423-2268
Level 2 Employee,Gary_26,323-423-2269
Level 2 Employee,Gary_27,323-423-2270
Level 2 Employee,Gary_28,323-423-2271
Level 2 Employee,Gary_29,323-423-2272
Level 2 Employee,Bob_1,323-423-2273
Level 2 Employee,Bob_2,323-423-2274
Level 2 Employee,Bob_3,323-423-2275
Level 2 Employee,Bob_4,323-423-2276
Level 2 Employee,Bob_5,323-423-2277
Level 2 Employee,Bob_6,323-423-2278
Level 2 Employee,Bob_7,323-423-2279
Level 2 Employee,Bob_8,323-423-2280
Level 2 Employee,Bob_9,323-423-2281
Level 2 Employee,Bob_10,323-423-2282
Level 2 Employee,Bob_11,323-423-2283
Level 2 Employee,Bob_12,323-423-2284
Level 2 Employee,Bob_13,323-423-2285
Level 2 Employee,Bob_14,323-423-2286
Level 2 Employee,Bob_15,323-423-2287
Level 2 Employee,Bob_16,323-423-2288
Level 2 Employee,Bob_17,323-423-2289
Level 2 Employee,Bob_18,323-423-2290
Level 2 Employee,Bob_19,323-423-2291
Level 2 Employee,Bob_20,323-423-2292
Level 2 Employee,Bob_21,323-423-2293
Level 2 Employee,Bob_22,323-423-2294
Level 3 Employee,Bob_23,323-423-2295
Level 3 Employee,Bob_24,323-423-2296
Level 3 Employee,Bob_25,323-423-2297
Level 3 Employee,Bob_26,323-423-2298
Level 3 Employee,Bob_27,323-423-2299
Level 3 Employee,Bob_28,323-423-2300
Level 3 Employee,Eason_1,323-423-2301
Level 3 Employee,Eason_2,323-423-2302
Level 3 Employee,Eason_3,323-423-2303
Level 3 Employee,Eason_4,323-423-2304
Level 3 Employee,Eason_5,323-423-2305
Level 3 Employee,Eason_6,323-423-2306
Level 3 Employee,Eason_7,323-423-2307
Level 3 Employee,Eason_8,323-423-2308
Level 3 Employee,Eason_9,323-423-2309
Level 3 Employee,Eason_10,323-423-2310
Level 3 Employee,Eason_11,323-423-2311
Level 3 Employee,Eason_12,323-423-2312
Level 3 Employee,Eason_13,323-423-2313
Level 3 Employee,Eason_14,323-423-2314
Level 3 Employee,Eason_15,323-423-2315
Level 3 Employee,Eason_16,323-423-2316
Level 3 Employee,Eason_17,323-423-2317
Level 3 Employee,Eason_18,323-423-2318
Level 3 Employee,Eason_19,323-423-2319
