6c:e8:5c:cc:35:27,Engineer
6c:e8:5c:cc:35:27,Level 2 Employee
6c:e8:5c:cc:35:27,Level 3 Employee
88:29:9c:7c:33:c3,Engineer
88:29:9c:7c:33:c3,Level 3 Employee
d0:77:14:aa:79:55,Engineer
d0:77:14:aa:79:55,Level 3 Employee
7c:b3:7b:19:5b:e4,Engineer
7c:b3:7b:19:5b:e4,Level 1 Employee
7c:b3:7b:19:5b:e4,Level 2 Employee
7c:b3:7b:19:5b:e4,Level 3 Employee
9c:da:3e:7e:f9:28,Engineer
9c:da:3e:7e:f9:28,Level 2 Employee
9c:da:3e:7e:f9:28,Level 3 Employee
0c:51:01:b3:c7:3b,Engineer
0c:51:01:b3:c7:3b,Level 2 Employee
0c:51:01:b3:c7:3b,Level 3 Employee
2c:f0:a2:62:8d:28,Engineer
2c:f0:a2:62:8d:28,Level 3 Employee
b4:6d:83:06:d7:f4,Engineer
b4:6d:83:06:d7:f4,Level 3 Employee
b4:9c:df:15:7b:68,Engineer
b4:9c:df:15:7b:68,Level 1 Employee
b4:9c:df:15:7b:68,Level 2 Employee
b4:9c:df:15:7b:68,Level 3 Employee
80:58:f8:45:e4:3b,Engineer
80:58:f8:45:e4:3b,Level 3 Employee
