0c:51:01:b6:ad:9d,Engineer,1
00:c2:c6:cc:a8:85,Engineer,2
9c:8c:6e:46:1c:5e,Engineer,3
c4:6e:1f:1b:4f:c0,Engineer,4
9c:8c:6e:46:0b:7c,Engineer,5
c4:6e:1f:1a:81:1d,Engineer,6
04:ea:56:92:f9:9b,Engineer,7
c4:6e:1f:1c:f2:9b,Engineer,8
7c:b2:7d:85:d7:16,Engineer,9
cc:44:63:41:6a:39,Engineer,10
5c:5f:67:8c:17:48,Engineer,11
88:66:a5:15:0a:92,Engineer,12
14:ab:c5:09:b8:20,Engineer,13
5c:5f:67:8b:1b:63,Engineer,14
5c:5f:67:8b:1c:c1,Engineer,15
88:66:a5:56:00:19,Engineer,16
7c:38:ad:2f:85:24,Engineer,17
5c:5f:67:8b:ec:c8,Engineer,18
88:66:a5:56:12:8e,Engineer,19
9c:da:3e:69:d3:ef,Engineer,20
50:a6:7f:81:87:1c,Level 1 Employee,21
24:ee:9a:fa:62:c0,Level 1 Employee,22
dc:0c:5c:be:3d:5f,Level 1 Employee,23
78:3a:84:9f:4a:2f,Level 1 Employee,24
00:b3:62:4e:0f:c9,Level 1 Employee,25
8c:45:00:01:5d:85,Level 1 Employee,26
b4:9c:df:14:92:06,Level 1 Employee,27
28:16:ad:17:e4:db,Level 1 Employee,28
98:10:e8:08:5a:ea,Level 1 Employee,29
9c:da:3e:7e:f9:19,Level 1 Employee,30
9c:da:3e:7f:8e:15,Level 1 Employee,31
88:66:a5:0e:e4:28,Level 1 Employee,32
24:1b:7a:99:36:b1,Level 1 Employee,33
94:94:26:5c:0d:77,Level 1 Employee,34
b8:63:4d:a2:b6:83,Level 1 Employee,35
a4:c3:f0:a5:f0:b9,Level 1 Employee,36
48:a4:72:ae:12:49,Level 1 Employee,37
cc:44:63:16:7d:be,Level 1 Employee,38
9c:da:3e:80:28:de,Level 1 Employee,39
8c:8e:f2:9f:71:f7,Level 1 Employee,40
98:10:e8:09:db:d5,Level 1 Employee,41
7c:b2:7d:87:ee:d9,Level 1 Employee,42
5c:5f:67:8b:f1:eb,Level 1 Employee,43
9c:da:3e:7f:a1:48,Level 1 Employee,44
b4:9c:df:63:d2:20,Level 1 Employee,45
88:66:a5:37:7d:95,Level 1 Employee,46
cc:44:63:32:20:55,Level 1 Employee,47
9c:da:3e:79:6b:48,Level 1 Employee,48
a4:c3:f0:a1:fa:a9,Level 1 Employee,49
cc:44:63:23:c8:f9,Level 1 Employee,50
9c:da:3e:69:ca:8f,Level 1 Employee,51
48:a4:72:ae:11:a9,Level 1 Employee,52
5c:5f:67:8c:0e:56,Level 1 Employee,53
88:66:a5:55:20:94,Level 1 Employee,54
30:07:4d:68:05:f5,Level 1 Employee,55
88:66:a5:3b:66:5b,Level 1 Employee,56
98:10:e8:39:b8:4d,Level 1 Employee,57
98:10:e8:3b:54:fe,Level 1 Employee,58
9c:da:3e:7f:a0:bc,Level 1 Employee,59
f8:59:71:34:4f:5e,Level 1 Employee,60
c4:61:8b:ae:95:54,Level 1 Employee,61
9c:da:3e:7e:f9:23,Level 1 Employee,62
cc:44:63:3c:ec:48,Level 1 Employee,63
a4:c3:f0:a5:f0:f0,Level 1 Employee,64
5c:5f:67:8b:e2:2d,Level 1 Employee,65
0c:51:01:b6:45:72,Level 1 Employee,66
90:61:ae:25:4f:4a,Level 1 Employee,67
a4:c3:f0:a5:f0:82,Level 1 Employee,68
cc:44:63:3f:21:d7,Level 1 Employee,69
90:61:ae:25:a1:6b,Level 1 Employee,70
48:a4:72:ae:11:90,Level 1 Employee,71
c8:b1:cd:06:16:56,Level 1 Employee,72
54:62:e2:33:c1:37,Level 1 Employee,73
f8:59:71:2a:02:4c,Level 1 Employee,74
9c:da:3e:7e:f8:0b,Level 1 Employee,75
88:66:a5:da:26:f7,Level 1 Employee,76
9c:da:3e:80:28:c0,Level 1 Employee,77
a0:4e:a7:8d:39:f3,Level 1 Employee,78
14:ab:c5:b7:01:dd,Level 1 Employee,79
9c:da:3e:69:ca:bc,Level 1 Employee,80
88:66:a5:0e:6f:3f,Level 1 Employee,81
88:66:a5:97:34:60,Level 1 Employee,82
48:a4:72:ae:12:4e,Level 1 Employee,83
88:66:a5:2b:db:8f,Level 1 Employee,84
08:e6:89:17:48:61,Level 1 Employee,85
5c:5f:67:8b:1c:49,Level 1 Employee,86
88:66:a5:55:68:23,Level 1 Employee,87
88:66:a5:0d:ee:b0,Level 1 Employee,88
9c:da:3e:7e:f7:ed,Level 1 Employee,89
9c:da:3e:7f:8e:01,Level 1 Employee,90
e4:a7:a0:99:f7:14,Level 1 Employee,91
90:61:ae:25:4e:7d,Level 1 Employee,92
7c:b2:7d:85:d7:bb,Level 1 Employee,93
7c:b2:7d:87:5d:d4,Level 1 Employee,94
7c:b2:7d:87:e5:d3,Level 1 Employee,95
90:61:ae:25:4a:40,Level 1 Employee,96
9c:f4:8e:ac:db:1f,Level 1 Employee,97
90:61:ae:25:4f:77,Level 1 Employee,98
00:b3:62:de:41:e9,Level 1 Employee,99
88:66:a5:42:91:21,Level 1 Employee,100
9c:da:3e:7f:a1:11,Level 1 Employee,101
48:a4:72:ae:11:68,Level 1 Employee,102
98:10:e8:06:85:6a,Level 1 Employee,103
7c:b2:7d:87:5c:df,Level 1 Employee,104
88:66:a5:3c:88:ea,Level 1 Employee,105
5c:5f:67:8b:f2:04,Level 1 Employee,106
00:b6:a6:fc:98:5e,Level 1 Employee,107
88:66:a5:15:91:34,Level 1 Employee,108
34:ab:37:0c:20:01,Level 1 Employee,109
e4:a7:a0:99:db:da,Level 1 Employee,110
9c:da:3e:7f:a1:a2,Level 1 Employee,111
98:ca:33:95:8c:fa,Level 1 Employee,112
88:66:a5:97:b0:22,Level 1 Employee,113
7c:b2:7d:86:43:90,Level 1 Employee,114
3c:bb:fd:5b:0b:c7,Level 1 Employee,115
9c:da:3e:7f:a3:5f,Level 1 Employee,116
0c:51:01:b4:4c:ac,Level 1 Employee,117
88:66:a5:12:7d:1c,Level 1 Employee,118
c4:61:8b:bd:8f:d0,Level 1 Employee,119
a4:c3:f0:a1:fc:0c,Level 1 Employee,120
e4:a7:a0:99:dd:dd,Level 1 Employee,121
9c:da:3e:7f:a1:2a,Level 1 Employee,122
88:66:a5:18:c4:03,Level 1 Employee,123
88:66:a5:11:93:79,Level 1 Employee,124
5c:5f:67:8b:1b:31,Level 1 Employee,125
a4:c3:f0:a5:f1:31,Level 1 Employee,126
7c:b2:7d:86:54:d4,Level 1 Employee,127
7c:b2:7d:87:56:95,Level 1 Employee,128
88:66:a5:0e:a4:bb,Level 1 Employee,129
5c:5f:67:8b:f2:36,Level 1 Employee,130
7c:b2:7d:87:a8:1b,Level 1 Employee,131
44:18:fd:0c:4b:10,Level 1 Employee,132
98:10:e8:53:0a:7f,Level 1 Employee,133
5c:5f:67:8b:1c:e9,Level 1 Employee,134
9c:da:3e:7f:a7:5b,Level 1 Employee,135
b4:9c:df:78:09:2d,Level 1 Employee,136
5c:5f:67:8b:e1:f6,Level 1 Employee,137
3c:f7:a4:44:a5:39,Level 1 Employee,138
6c:96:cf:b5:53:ad,Level 1 Employee,139
9c:da:3e:7f:8f:1e,Level 1 Employee,140
9c:da:3e:7f:a1:7a,Level 1 Employee,141
9c:da:3e:7e:f7:e3,Level 1 Employee,142
90:61:ae:25:4a:1d,Level 1 Employee,143
5c:5f:67:8b:1b:ae,Level 1 Employee,144
7c:b2:7d:85:d7:f7,Level 1 Employee,145
00:b3:62:8a:bc:22,Level 1 Employee,146
5c:5f:67:8b:1c:62,Level 1 Employee,147
98:10:e8:3a:a6:f8,Level 1 Employee,148
cc:2f:71:c4:f6:53,Level 1 Employee,149
5c:f7:e6:e7:fe:0f,Level 1 Employee,150
90:61:ae:25:4b:67,Level 1 Employee,151
98:10:e8:3a:0f:fb,Level 1 Employee,152
04:69:f8:34:4b:3c,Level 1 Employee,153
98:10:e8:3a:8a:6e,Level 1 Employee,154
48:a4:72:a9:2a:4a,Level 1 Employee,155
9c:f4:8e:d2:9c:9e,Level 1 Employee,156
4c:66:41:8b:a9:2b,Level 1 Employee,157
a4:c3:f0:a5:f0:ff,Level 1 Employee,158
b4:9c:df:31:89:ea,Level 1 Employee,159
90:61:ae:25:49:d7,Level 1 Employee,160
00:b3:62:26:15:04,Level 1 Employee,161
c0:ee:fb:d4:6a:46,Level 1 Employee,162
9c:f4:8e:d3:0d:ba,Level 1 Employee,163
7c:b2:7d:86:42:e1,Level 1 Employee,164
28:16:ad:17:e3:e6,Level 1 Employee,165
88:66:a5:3c:dc:71,Level 1 Employee,166
48:45:20:37:e8:d5,Level 1 Employee,167
50:a6:7f:2e:3a:bf,Level 1 Employee,168
a4:c3:f0:a5:f1:2c,Level 1 Employee,169
c0:bd:d1:e3:fd:5e,Level 1 Employee,170
88:66:a5:4c:9f:24,Level 1 Employee,171
8c:8e:f2:02:86:b5,Level 1 Employee,172
88:66:a5:0d:93:44,Level 1 Employee,173
e4:a7:a0:99:f7:3c,Level 1 Employee,174
9c:da:3e:7f:8e:8d,Level 1 Employee,175
e4:a7:a0:99:db:cb,Level 1 Employee,176
34:42:62:b9:12:12,Level 1 Employee,177
7c:b2:7d:87:84:44,Level 1 Employee,178
a0:99:9b:ad:05:70,Level 1 Employee,179
88:66:a5:02:1d:2e,Level 1 Employee,180
b4:9c:df:7e:71:2e,Level 1 Employee,181
5c:5f:67:8b:ed:e5,Level 1 Employee,182
ec:88:92:67:ae:43,Level 1 Employee,183
88:66:a5:19:98:ad,Level 1 Employee,184
90:61:ae:25:4b:2b,Level 1 Employee,185
28:16:ad:17:e4:7c,Level 1 Employee,186
5c:5f:67:8b:1b:a9,Level 1 Employee,187
d0:77:14:23:f3:c5,Level 1 Employee,188
5c:5f:67:8b:e1:56,Level 1 Employee,189
a4:c3:f0:a5:f0:eb,Level 1 Employee,190
9c:da:3e:7e:f7:75,Level 1 Employee,191
98:10:e8:08:43:ef,Level 1 Employee,192
5c:5f:67:8b:f2:4a,Level 1 Employee,193
e4:a7:a0:99:c7:b2,Level 1 Employee,194
98:10:e8:3a:e3:8a,Level 1 Employee,195
ec:9b:f3:07:70:0c,Level 1 Employee,196
5c:5f:67:8b:f1:ff,Level 1 Employee,197
7c:b2:7d:85:e6:cf,Level 1 Employee,198
7c:b2:7d:86:43:9a,Level 1 Employee,199
e4:a7:a0:94:dc:0c,Level 1 Employee,200
88:66:a5:4d:6c:de,Level 1 Employee,201
cc:44:63:15:fa:5e,Level 1 Employee,202
5c:5f:67:8b:1b:b3,Level 1 Employee,203
08:c5:e1:2d:97:b8,Level 1 Employee,204
e4:a7:a0:99:de:28,Level 1 Employee,205
cc:44:63:23:82:77,Level 1 Employee,206
14:ab:c5:09:b6:e5,Level 1 Employee,207
48:a4:72:ae:11:8b,Level 1 Employee,208
9c:da:3e:7e:f8:a6,Level 1 Employee,209
6c:c7:ec:c1:96:80,Level 1 Employee,210
9c:da:3e:7f:a0:ee,Level 1 Employee,211
9c:da:3e:7f:8e:24,Level 1 Employee,212
88:66:a5:14:63:be,Level 1 Employee,213
cc:44:63:3c:2f:79,Level 1 Employee,214
cc:44:63:3c:d6:ca,Level 1 Employee,215
cc:44:63:3c:40:8b,Level 1 Employee,216
30:07:4d:9a:10:b6,Level 1 Employee,217
5c:f7:e6:e5:33:3e,Level 1 Employee,218
98:10:e8:52:f2:93,Level 1 Employee,219
cc:44:63:22:a6:39,Level 1 Employee,220
9c:da:3e:7f:a1:84,Level 1 Employee,221
5c:f7:e6:e7:ff:62,Level 1 Employee,222
cc:44:63:3c:4f:6b,Level 1 Employee,223
98:10:e8:08:5c:7f,Level 1 Employee,224
90:61:ae:25:4e:a5,Level 2 Employee,225
f0:d5:bf:19:55:37,Level 2 Employee,226
04:db:56:e6:b5:71,Level 2 Employee,227
90:61:ae:25:4f:5e,Level 2 Employee,228
98:10:e8:08:5b:ea,Level 2 Employee,229
cc:73:14:60:68:97,Level 2 Employee,230
cc:44:63:3f:22:94,Level 2 Employee,231
98:10:e8:52:f9:41,Level 2 Employee,232
48:45:20:4b:c2:51,Level 2 Employee,233
5c:5f:67:8b:1b:ea,Level 2 Employee,234
5c:5f:67:8b:1c:cb,Level 2 Employee,235
6c:96:cf:93:92:55,Level 2 Employee,236
5c:5f:67:8c:17:ca,Level 2 Employee,237
b4:9c:df:7d:d1:c8,Level 2 Employee,238
48:a4:72:ae:11:b3,Level 2 Employee,239
08:f6:9c:06:29:e1,Level 2 Employee,240
98:10:e8:3a:fb:51,Level 2 Employee,241
88:66:a5:0e:7c:26,Level 2 Employee,242
6c:96:cf:74:37:75,Level 2 Employee,243
5c:5f:67:8b:1b:77,Level 2 Employee,244
a4:c3:f0:a5:f0:f5,Level 2 Employee,245
5c:5f:67:8b:1c:e4,Level 2 Employee,246
a4:c3:f0:a5:f1:72,Level 2 Employee,247
90:61:ae:25:4d:fb,Level 2 Employee,248
8c:f5:a3:cd:d2:db,Level 2 Employee,249
5c:5f:67:8b:fb:3c,Level 2 Employee,250
28:cf:e9:2a:d9:75,Level 2 Employee,251
5c:f7:e6:e7:6b:75,Level 2 Employee,252
7c:b2:7d:86:43:31,Level 2 Employee,253
58:e6:ba:a9:46:ea,Level 2 Employee,254
cc:44:63:02:f5:9e,Level 2 Employee,255
48:a4:72:ae:11:b8,Level 2 Employee,256
e4:a7:a0:99:bc:90,Level 2 Employee,257
b4:69:21:8c:6f:d6,Level 2 Employee,258
6c:96:cf:b2:c2:fe,Level 2 Employee,259
90:61:ae:25:32:f8,Level 2 Employee,260
9c:da:3e:69:ca:a8,Level 2 Employee,261
90:61:ae:25:4e:87,Level 2 Employee,262
6c:96:cf:88:21:ff,Level 2 Employee,263
54:99:63:cd:7d:c7,Level 2 Employee,264
98:3b:8f:1b:05:b2,Level 2 Employee,265
10:02:b5:e3:08:eb,Level 2 Employee,266
e4:a7:a0:99:dc:ac,Level 2 Employee,267
b4:69:21:81:9e:ee,Level 2 Employee,268
48:45:20:37:cf:b7,Level 2 Employee,269
cc:44:63:42:3b:b4,Level 2 Employee,270
5c:5f:67:8b:e1:b5,Level 2 Employee,271
98:ca:33:d5:82:fc,Level 2 Employee,272
ec:ad:b8:69:0f:f6,Level 2 Employee,273
9c:da:3e:6a:d2:63,Level 2 Employee,274
6c:96:cf:c7:43:1f,Level 2 Employee,275
88:66:a5:8f:bb:ad,Level 2 Employee,276
98:10:e8:06:8e:52,Level 2 Employee,277
5c:5f:67:8b:1b:7c,Level 2 Employee,278
5c:5f:67:8b:1c:85,Level 2 Employee,279
9c:da:3e:7f:8e:d3,Level 2 Employee,280
5c:5f:67:8b:1b:d1,Level 2 Employee,281
88:66:a5:0f:31:07,Level 2 Employee,282
70:28:8b:c3:3a:bd,Level 2 Employee,283
74:eb:80:1f:6e:28,Level 2 Employee,284
90:61:ae:25:4a:f4,Level 2 Employee,285
88:66:a5:1a:b2:f7,Level 2 Employee,286
00:b3:62:1d:df:bd,Level 2 Employee,287
34:41:5d:0b:0c:20,Level 2 Employee,288
04:ea:56:e9:b1:f5,Level 2 Employee,289
d0:77:14:ce:04:02,Level 2 Employee,290
9c:da:3e:7f:8c:a3,Level 2 Employee,291
ec:10:7b:61:07:b5,Level 2 Employee,292
70:28:8b:a8:33:e7,Level 2 Employee,293
70:28:8b:c3:35:d7,Level 2 Employee,294
5c:5f:67:8b:fa:e2,Level 3 Employee,295
24:1b:7a:1b:eb:ba,Level 3 Employee,296
00:b3:62:26:0c:71,Level 3 Employee,297
3c:cd:36:a3:4c:63,Level 3 Employee,298
48:a4:72:ae:12:6c,Level 3 Employee,299
9c:f4:8e:d2:69:4a,Level 3 Employee,300
e4:a7:a0:94:da:7c,Level 3 Employee,301
e4:a7:a0:99:c0:2d,Level 3 Employee,302
7c:b2:7d:87:50:c3,Level 3 Employee,303
88:66:a5:56:68:6a,Level 3 Employee,304
9c:da:3e:7f:8e:7e,Level 3 Employee,305
9c:da:3e:7f:a0:8a,Level 3 Employee,306
28:16:a8:46:ae:62,Level 3 Employee,307
48:a4:72:ae:11:ae,Level 3 Employee,308
50:7a:c5:51:0b:be,Level 3 Employee,309
9c:da:3e:6a:d0:b0,Level 3 Employee,310
90:61:ae:25:4f:7c,Level 3 Employee,311
a4:c3:f0:a5:f0:aa,Level 3 Employee,312
88:da:1a:2c:96:2c,Level 3 Employee,313
04:69:f8:3b:0b:e9,Level 3 Employee,314
88:66:a5:54:ce:2b,Level 3 Employee,315
5c:5f:67:8b:f2:0e,Level 3 Employee,316
48:45:20:4c:13:46,Level 3 Employee,317
48:45:20:37:cb:57,Level 3 Employee,318
34:a8:eb:97:cf:21,Level 3 Employee,319
